,dates,T1,T2,T3,T4,T5,T6,T7,T8,T9,T10,T11
0,2016-01-03 05:39:16+00:00,102.08607521371663,105.03058746157328,216.14443297103813,169.22245676957812,149.75049195325292,121.99744665442226,112.82732243729532,112.91819864619097,94.16823961951143,87.18747223392946,89.1097757508242
1,2016-02-02 05:37:03+00:00,100.51180338570863,102.20516996007643,104.99321956956116,108.37637559185085,143.9387218014785,105.5381784914493,116.3786594321108,106.47814362922165,87.18285712827628,89.47198461798386,98.23357174466017
2,2016-02-12 05:37:02+00:00,108.57285803978381,112.7670360605692,114.07108072688632,119.13907549685483,165.05403450498414,146.7363802273459,120.3994609618952,114.69706630561751,89.53214930043276,93.36623707922304,103.30245570483262
3,2016-03-18 05:25:01+00:00,100.31875029200847,98.84698011794005,96.79142470731195,95.68454780418477,162.87200779039088,150.32710021709084,130.8988138481632,98.81852125573153,92.92266976775606,98.6163230650789,98.61638096928924
4,2016-03-23 05:32:16+00:00,110.1751380129229,115.43183423944451,126.46791809335203,128.60714739877415,174.84367933751895,152.04949388769447,117.83639668786944,79.48398206733906,75.60834919882092,80.6291974571125,90.91908048226084
5,2016-04-03 05:24:52+00:00,100.68883819946424,98.49530122022915,96.99929224558934,96.92162289351111,150.5862734043868,161.75628296405353,123.92965802842056,94.717059019476,93.67978759127683,96.99852485526408,100.36336381353325
6,2016-04-22 05:37:18+00:00,104.1038703047094,108.80064104790976,120.23595010799417,123.31877185419928,157.30126354386266,139.53913118636103,97.96115778819774,76.49234589871426,69.28486619727451,76.35815697302642,90.64533620004245
7,2016-05-22 05:37:22+00:00,100.52228481294658,104.26282758571105,121.33417787094754,130.16618213488758,145.38473010585517,123.48247155675557,94.10016179521146,77.0449033028171,67.46982102149671,71.23776871809712,84.59842375290911
8,2016-06-06 05:24:54+00:00,113.28152226025705,97.34969304983919,95.4715621419997,98.93036651966924,103.950318636504,109.97650250189255,96.05937689501948,88.5387885079185,90.7861556772976,96.6509379825723,106.85953038591417
9,2016-06-11 05:37:19+00:00,116.28724547017441,110.78981547345921,106.97813683643534,103.67454871508077,96.0793181449683,90.31103014001714,87.04786785746612,79.93671576004068,86.98381299218964,97.63886621667757,110.77228514143083
10,2016-07-08 05:25:07+00:00,137.65368447406598,134.5775361789363,102.22015359586742,95.95649316865429,98.80272409361467,98.46689744299006,101.52283094274611,93.11988151722889,92.64722364038003,98.75554534250934,110.018917338611
11,2016-07-11 05:37:19+00:00,145.0288379587953,136.49898988373502,113.44269824690767,107.13047083899616,91.99417682300947,89.23974850322831,86.37958243081937,79.1269745519578,82.825716683544,93.42142087020983,115.84196401948168
12,2016-08-09 05:25:15+00:00,136.82064881148477,128.99922524897244,99.29649954098005,93.62597442295288,93.41476386477719,96.758282524768,99.49653280220632,91.41852726286449,88.39409483036101,97.67870552628744,128.72579635301236
13,2016-08-10 05:37:19+00:00,144.1249423990323,130.80238676637475,101.66205587497211,98.99994886906687,89.12145355858569,93.18363130165518,96.8965340256877,90.22087106463303,92.97132880245674,102.44601606385153,124.10009487744934
14,2016-08-25 05:25:22+00:00,132.7362942194491,124.23078477596582,93.71616273100484,96.51766809797898,94.85275146159832,99.38189460234781,102.03964741918729,93.39063193959308,90.30419596874087,97.88050178856248,125.42049381256292
15,2016-09-09 05:37:14+00:00,152.19493287943948,136.01223051275642,106.77484333773185,104.37355605065773,90.10510743434402,92.22271338796293,96.12437089268445,89.50207440071819,92.01849485507086,105.28960012229277,138.83363312655678
16,2016-09-10 05:25:26+00:00,131.6045119726417,123.61812005303976,96.04318542959479,96.33384217670927,92.5743478419717,99.76698158052277,101.95907856894668,91.30508217047306,88.88585544264858,98.1665495499167,129.88462288990914
17,2016-09-19 05:37:11+00:00,134.7590084924477,128.98032951587678,107.27222193327789,109.61966299447667,101.71213913544375,102.97547751312658,101.08110596530045,90.13013802446687,85.66547910123317,93.03774630224135,112.12938804146039
18,2016-09-26 05:25:27+00:00,128.25541280524976,118.4639897056488,95.03258371572421,95.9836637087841,90.07127693424137,95.44862449505727,100.60157914141564,94.21046337145049,92.56689979531872,99.41133342963117,129.88763215310283
19,2016-09-29 05:37:11+00:00,126.8252955488175,118.09754945395181,107.85697300217319,110.21026254986356,100.26998199999278,98.12814354033281,97.86127877030826,86.85918140831069,87.27240012732953,95.5680423661212,107.58978817571244
20,2016-10-19 05:37:11+00:00,137.19988869175987,136.66852790830143,109.00842506838646,103.50139082209147,93.6296768640362,96.97736967354909,97.72688563664619,91.67746693999287,97.67756928661463,115.58495889067548,128.4637370305375
21,2016-11-08 05:37:14+00:00,152.508615490912,147.09975282441462,109.66494550231734,104.23747019368238,92.18918161848276,97.19155193035789,100.85942310630247,93.34285582852831,98.55779081025081,116.96004445444784,140.22585419116217
22,2016-11-28 05:37:14+00:00,131.32867303578035,129.70685507214327,113.58032909019909,104.94593725604665,102.09416913023267,103.28872759311737,103.52797457054331,97.23143382360709,101.08342880824988,104.05045571517839,118.3078295545786
23,2016-12-15 05:25:29+00:00,140.98693983169872,140.43480587022452,141.93774061723846,106.47357180913556,96.73943988468007,100.1604240586534,102.91662603315314,96.97052590501696,117.79749740760228,118.44600024807984,137.93654334134706
24,2016-12-18 05:37:10+00:00,136.20731635772995,136.90770361502294,120.7870780424554,104.33501040144735,95.88669782966414,103.76280831179879,104.12782989802648,92.5804500591138,105.66363685191276,110.1483526480802,126.93627242997647
25,2017-01-07 05:37:05+00:00,118.48166920187404,122.31732381208185,123.63639509380867,114.0034826427989,124.57876172085436,128.48541624756893,125.86243228421317,121.04094351003438,123.48029597643875,119.51959386749412,108.46937835255036
26,2017-02-01 05:25:16+00:00,98.6476724428004,102.10659621764879,115.4959879465359,111.46863057792483,138.29852625819825,125.59766849799219,114.7459504090853,117.51134822002666,124.2790652772776,115.48081409073656,97.95390130269581
27,2017-02-17 05:25:09+00:00,95.29924295213762,94.82365583291805,99.99800041226544,104.51297741185397,143.73006819896813,135.48986568351233,113.66228903242667,114.47379176098069,117.0244649018522,95.6740538099512,97.9107238182582
28,2017-03-18 05:37:07+00:00,105.26053764624045,107.72793897969774,109.5042022404813,122.78540906377803,154.06549815776725,147.08966935999584,127.77575394873591,119.8174614322668,102.90391563641845,99.74582980585387,105.02525086609953
29,2017-04-07 05:37:14+00:00,108.65202284647188,108.17965241914494,107.23480330615645,117.41954430846444,140.30237089706034,136.86036126228373,113.64077672645594,104.40505909884646,97.43724925455324,100.07309085379543,108.06402636478086
30,2017-04-17 05:37:16+00:00,104.05707315866879,106.00424029165903,109.33962744753528,116.58152498890593,142.52041520676394,137.3204381773222,114.94291572194358,108.3362558592206,95.45500442849848,97.58283639161003,102.5560483001662
31,2017-04-27 05:37:18+00:00,101.60062727530814,103.86656067613659,111.58001168018922,117.25269623733058,146.0954143302228,140.44822271600995,111.63633212367817,99.44387597579326,89.83091068050184,91.7052830288339,97.24156769912175
32,2017-05-08 05:24:34+00:00,104.46926838724879,102.7681814167998,103.28423601558129,112.76980881980239,146.49646868911876,132.75728578376786,123.68853050638924,110.52159994860934,103.4807173260031,103.18905663191427,105.28353753486212
33,2017-06-09 05:24:53+00:00,113.06566849123313,215.119609673827,219.3894582835251,95.89686046227621,111.87524067542769,104.577121894068,103.7688690132254,98.65000687020445,89.99731022198158,92.20069355350346,110.49005300830521
34,2017-07-11 05:25:01+00:00,135.68349461821353,131.70191305756583,117.2103948027742,105.33650049835772,124.05940973544318,118.4259352371921,100.543168899339,91.32902421966055,93.89895471475315,97.32041840755626,103.62045002887041
35,2017-07-11 05:37:16+00:00,126.4562707837886,127.7623471825115,120.65003417281488,116.10016155589487,118.22582896894878,109.30869345090113,95.21029044702392,83.96057347457194,83.59396665389725,90.82410542851179,101.8865380494673
36,2017-07-16 05:37:17+00:00,123.66094775161004,117.49420195985806,107.2360266347195,102.42122159111159,96.75039573682315,182.74168177988224,156.02582564198664,85.03801752807446,91.30749594113645,187.02283375482713,189.3094296943544
37,2017-07-26 05:37:17+00:00,133.88201366584968,135.86522674550898,120.1508855612751,111.25535917820645,105.69877119106646,96.15864192541419,89.22512013757456,81.38838673909659,86.45299942560422,98.20467834994585,110.58822814103283
38,2017-08-05 05:37:18+00:00,114.38793219738928,114.52346105066307,112.09496800107489,105.41587882545345,101.68863240799594,98.09637854216048,96.35090336422854,87.39116452466119,87.69886582376239,95.44722249035607,101.19518545957746
39,2017-08-12 05:25:15+00:00,136.6451805274829,133.6450248777764,104.17225089861513,93.97448767331754,105.89550203626771,106.50128743819732,99.63378238028292,91.31664336205964,90.22511279100088,97.17689344724018,106.4680980619595
40,2017-08-20 05:37:13+00:00,125.24485680462375,121.84687384636841,109.02315499263565,103.3347847621542,97.3918532372155,95.02090699852046,98.96052669358974,91.31110730455772,93.5109912927468,101.3709298486347,109.17608259038406
41,2017-09-14 05:37:13+00:00,142.5376624695869,136.20045513940613,108.59316435320977,103.10374797904976,91.11369743942409,88.59002387045281,90.05809397756026,84.64582708977835,89.04317036203963,99.735743973601,116.87727557513718
42,2017-09-19 05:37:04+00:00,118.70518483221556,117.26440136234444,111.47554606057224,108.735801200713,104.2285972149593,99.52467532275543,97.94545686415057,87.34321344219016,84.30528132570949,90.29453657234156,100.25836142716096
43,2017-09-24 05:37:12+00:00,133.59556750048614,136.9239786835686,112.59314518753352,111.21368764605951,107.95969292179899,107.81523787457314,101.04695975587724,88.99879932606602,84.73308173192495,88.26745609400524,100.92083493697102
44,2017-10-14 05:37:15+00:00,135.00214028293928,131.96688987124224,105.76819332502127,101.7374202130767,93.60250756047145,94.38585226441741,99.02721738623576,92.03739379781042,93.75129036712381,101.25819815473012,111.01645607642726
45,2017-10-19 05:37:02+00:00,139.1656425621926,135.3684851250781,106.70332959740207,103.12235489145428,96.04238073567373,98.15333829525596,102.37098166714193,94.66593613421078,95.33328173317022,101.30170410653666,120.57654203826897
46,2017-10-24 05:37:15+00:00,153.6768836000502,152.37704289648926,121.09758860323852,109.28090313812818,99.59415287454867,105.24459760064622,96.84448683461694,91.54062254409655,95.50268659103561,99.03565346315254,131.41002851489432
47,2017-10-31 05:25:31+00:00,142.63858440038118,146.06997994654316,107.7886702235862,101.5804293528243,97.64759383071438,98.05566259152823,101.32847926494263,92.10782562289816,93.95463417399172,99.20535003582823,112.341374209404
48,2017-11-18 05:37:03+00:00,140.9840846718059,138.27135095137055,111.29530912646446,101.92889167719197,96.1913889001789,101.2226639780045,104.37861728369039,95.84425132109077,99.17426817345513,104.4428888913467,119.45071787648293
49,2017-12-08 05:37:04+00:00,150.1761631426959,145.37424536215775,113.94046192098762,101.98888951483582,96.16703483488216,105.4828851631737,112.30189205617067,105.26806002506994,106.17934359209325,108.05770891428799,133.982275859753
50,2017-12-13 05:37:11+00:00,151.3196070379607,151.53879932488636,119.99645636102527,109.45564912305093,100.36826420124913,106.04549193577456,99.61299135185001,91.35815964687235,92.3545641108901,98.64218691390629,127.19089746701583
51,2017-12-23 05:37:10+00:00,122.66245787004438,114.98421637500705,109.86972804165823,104.565331944801,98.50282985994414,91.4410682375724,95.08508904719105,90.08464110391321,95.45272397127364,100.10660705632714,105.19467743347803
52,2018-01-02 05:37:09+00:00,132.72777147416076,130.02212169933566,115.55531804968535,105.88159290153025,106.18061254192436,92.54113585123983,98.48516015856521,96.06055623736343,106.84243918440296,108.87073756945877,114.86725629385927
53,2018-01-07 05:37:07+00:00,118.23160238310244,121.11563676108327,117.84393080963568,108.90296050067211,121.97132707054476,110.84148453663907,111.42955703878887,110.80276623513406,113.31406609930524,105.2221097337105,107.47394297773998
54,2018-02-01 05:37:11+00:00,112.27692571673894,111.88274675137909,116.00581436678516,113.53962958626815,128.01146476244625,120.56265617485091,108.79246713340774,115.86511619813638,111.8343381762249,106.38747192129408,109.67557846873201
55,2018-02-11 05:37:12+00:00,109.32401265280923,107.52341319182887,109.60064717635626,114.83609200304781,133.3041897363701,123.08230475886114,116.02943794315476,116.72343819615442,115.41032643604876,105.53874644677258,110.43528802410681
56,2018-02-16 05:37:08+00:00,104.84594886096444,101.76453828355088,103.67365922413836,108.04189823307017,140.92201814224146,132.67239450027992,120.7165454397295,122.39973220882467,117.53305437435186,102.52201114838272,106.08877569194878
57,2018-03-03 05:37:12+00:00,108.5703893929902,107.9948955007712,109.22236036773387,116.01247538644958,152.10653716126023,136.23297046998712,117.90654713893561,116.83914356059636,96.57516259793891,94.66295231868837,104.57448341160523
58,2018-04-02 05:37:15+00:00,107.81932983991443,106.84567233131948,109.84034399429528,117.95489062851917,155.55823426342283,140.44204715165642,125.34056126928697,118.54569968999118,101.81689164836398,95.7718189462512,102.15774372125429
59,2018-04-07 05:37:13+00:00,109.84760265574683,109.35752441761791,103.48208145719353,106.92369798741574,145.8967968430864,135.3480872028985,124.77605248136683,122.96999100646637,109.92394046490445,106.68236113239361,116.2309549515433
60,2018-04-27 05:37:15+00:00,102.67285008430079,103.57778865880567,108.09099850581853,112.57629736858614,147.91534631867884,140.61395001035393,118.59383019363383,107.62628608652946,88.75945085328205,93.26115719638464,97.98766956335439
61,2018-05-02 05:37:18+00:00,109.39799605861175,108.62519384689719,107.40338752623113,115.15789773294499,134.26349171819788,126.18720621881477,108.19110161481196,94.51290023968706,90.87549131089881,99.67106711486268,110.683880430347
62,2018-05-07 05:37:15+00:00,101.89472074737279,102.91540541669653,107.31060096328402,113.16353603577866,144.06409105588241,139.20614798548203,124.35241511635847,114.16211798523021,90.97859627196671,95.44366140322386,100.78122632203747
63,2018-05-11 05:24:17+00:00,97.10616944468815,94.09592351231929,96.0052216617261,103.63911910281371,143.10952745194854,129.1171279469418,106.44850487577781,96.54618599888217,87.00589366586252,94.57700422573004,97.51681153392362
64,2018-06-12 05:24:04+00:00,182.11234161106592,176.3553156088069,192.88989304509917,98.9974419806567,108.72478574733552,103.05703812225077,96.1284674469833,191.5689113604572,161.18194308365167,185.7317230943712,196.0280167891836
65,2018-06-16 05:37:14+00:00,120.5148971374525,112.24004597712582,107.89213450910019,106.31399422947061,109.59147308828463,105.45154363541735,96.93157088271967,86.54761569950178,84.567431551628,91.96889826108668,102.15279474614886
66,2018-07-30 05:24:30+00:00,158.85726912186718,131.79703082459068,99.07755079978854,96.405793734483,100.34181188670992,98.25721450697229,101.02809537025439,90.15718100328823,89.79349948428053,94.86386627289554,123.60644911389785
67,2018-08-05 05:37:12+00:00,144.48262089305325,132.4319318554195,105.88678666905506,104.80422448617121,99.9651383850497,99.44265428103238,100.59564741728965,89.83118186968339,90.2393281987928,96.74683932786293,125.5892269583372
68,2018-08-10 05:37:16+00:00,144.83510060539018,134.14996410014237,106.40199385997235,104.21833814647563,93.77383326632838,92.24807872965908,99.50547367320416,92.91429778254579,96.68411160443516,103.40252538288681,126.59689257646914
69,2018-09-09 05:37:13+00:00,144.41073414447902,138.19488284414547,114.83336218871234,108.68628100922793,95.64957843041705,94.40749056116698,99.81588672764418,93.30365791217523,89.99560430532576,101.6575906307876,116.2206373959912
70,2018-09-14 05:37:07+00:00,147.83870961669246,139.22525370691343,107.1302136746482,102.0723410271382,94.40598225389273,94.79108108029352,104.88285035789228,93.38584171559674,99.43136619200631,106.81904668592973,131.62239328620413
71,2018-09-29 05:37:12+00:00,140.8437999936635,139.22212962093255,111.22336206069036,106.03279156289047,92.09267803881099,92.38907025728193,93.60088449141016,84.96359332916062,86.82503785920036,97.50603643484985,111.85287775828334
72,2018-10-18 05:25:04+00:00,168.83993242481398,146.77095031400646,107.1307466420596,106.95512424484266,101.09812926651831,104.9395252657123,110.67724858477577,105.80459004610817,99.32882042948088,122.62137074035576,142.1936504909698
73,2018-11-18 05:37:35+00:00,151.23760089747566,145.18386080232133,116.37800528806747,107.42555400826517,94.25215219383774,92.98012421052134,92.40586196667084,87.17428791500056,96.1377888929659,102.82051381855088,116.775272900988
74,2018-11-19 05:25:09+00:00,139.76778646162023,136.4809527694488,105.76684409886226,97.4996043491673,94.61357931793123,95.98531624386716,99.58975444579627,99.01179735133066,97.73064566800532,102.22485329534518,108.12648258131031
75,2018-11-23 05:37:38+00:00,138.2665217125803,133.06559989984467,107.48520841933303,101.61082143670964,95.4412322323354,95.3382225671356,101.24578118567197,96.3378793657471,105.0448157337521,107.40186930615735,117.00517777573043
76,2018-11-28 05:37:33+00:00,135.3485840592754,135.26932497882424,114.8887494336613,102.94858864186381,95.40521449524347,97.3422412068872,98.47070528748473,97.55895776757352,107.13687839828108,104.7598119566343,107.88231274864498
77,2018-12-03 05:37:37+00:00,113.56051306127944,112.74446329245197,105.5889187078917,102.13666907093219,103.15579179264839,104.4438343920359,106.62990085346051,112.87200786062809,109.5919705081903,101.46656176188742,101.59581787007468
78,2018-12-18 05:37:33+00:00,130.17672496456726,134.09991153176955,129.1440349736584,115.5324519279734,123.75648114280258,110.98134674465071,113.3830429728368,112.32266007723635,106.2647247274077,101.93588639516939,108.46963010706828
79,2018-12-23 05:37:31+00:00,128.7215377502573,124.82200298678359,118.69420169907667,105.45278085979943,116.57182803756926,118.56732191605536,124.30217108215493,124.33906055917787,124.32870970319829,114.89197068138616,110.4652757918786
80,2018-12-28 05:37:35+00:00,138.41993533291398,137.56041541912288,124.83890034222543,109.57504364908465,114.42773797589764,109.67000116014631,111.54954755883386,108.72822281131745,109.89512694571364,109.59266838366584,118.07048928926385
81,2019-01-06 05:25:05+00:00,99.75348515004764,99.70999716811198,105.86500377407617,111.29158089450154,139.97388886347582,132.27414464450572,129.7901776885706,123.0066592317608,113.09896196446775,98.7176422536232,100.44949858107356
82,2019-01-07 05:37:36+00:00,102.91121563512188,101.92551460666056,106.14712629476324,109.60420747652861,136.2411871594112,127.74187078144915,125.1941306102085,118.09061983348059,106.26735558749748,99.89859498951513,101.59017535187306
83,2019-01-22 05:25:01+00:00,100.03783248205146,98.17857897703588,99.08929774558156,112.62363090121336,152.036979136204,145.21461568713644,133.63512679087202,125.27874059433233,104.01197554191515,101.21933248215643,97.13646822244053
84,2019-01-22 05:37:41+00:00,104.08447819338197,100.43618608932452,100.888459727992,105.69771292512719,141.68651859915767,139.8555086039307,131.98926611637282,125.97042352245045,107.64195722468918,105.59006990518922,102.53929388871788
85,2019-01-27 05:37:38+00:00,101.10262125400905,103.17545437565967,106.748844240274,114.50065248566648,152.38420699959698,146.13307617245277,130.3320107518565,122.14888090207934,97.324220991491,95.97922913924454,99.11034309051944
86,2019-02-01 05:37:42+00:00,100.80631256692435,100.59992328770902,100.20374756873835,103.52392035098411,150.9184764195224,145.41428785499008,132.62541506026992,125.24446414705466,100.92966351189277,100.51873065329616,98.77249619411384
87,2019-02-11 05:37:42+00:00,104.14379335384089,102.77088578948522,100.78342814053077,102.21662651130781,156.86176743119879,153.87444085458145,138.77908907746206,131.93087286688822,103.46291127598329,106.67378653875858,109.1802882683967
88,2019-02-16 05:37:38+00:00,103.95428916519164,100.4889243867413,98.29562540413409,98.42488414653272,153.6768871621423,152.8516771071361,138.11013158358577,127.79686698499529,101.94057228781462,106.76149291562221,159.72524551615354
89,2019-03-08 05:37:36+00:00,100.43292415916511,101.98835461883709,105.02063241725946,107.1801477538183,163.08749915286032,166.34291643471516,146.77101008522305,130.69904267536734,99.85905265803277,101.56091543475763,98.96291903963171
90,2019-03-13 05:37:39+00:00,105.85354380595909,104.49349378485192,102.6619762952147,101.37830321216262,149.64342702183208,156.5230055630248,141.24654870956445,129.42586476729082,104.24042309258951,106.48057229615688,111.48720181666003
91,2019-03-18 05:37:39+00:00,106.0063977858841,104.62616717441976,109.16339404815129,108.56507638555154,156.5054229589904,158.0511695918879,139.2673943840135,116.69158903660244,93.39570533695709,99.14937239923647,100.73595884449803
92,2019-03-23 05:37:42+00:00,107.73018727093128,107.4922541734016,105.48796669305241,103.19122489757729,153.23436818083505,157.67409394464008,141.04435842345808,127.58479340361255,101.0113179338086,106.07232143764509,110.39791220631469
93,2019-03-27 05:24:47+00:00,98.04856455430946,101.5635220966368,99.20946071573965,103.25497326681185,152.9323511656627,159.7166109310171,135.000423920468,123.50336993365751,94.88331001474417,100.45522881214876,99.90553725071777
94,2019-03-28 05:37:41+00:00,110.432436213503,115.26189640584508,113.60774652206668,113.16996182891246,160.72180664008292,158.9310846811607,135.6851685695138,115.33914312516993,93.70015948287376,98.48167511767598,107.96430230012447
95,2019-04-07 05:37:43+00:00,111.39937504153932,111.87608869681878,111.27019520754276,109.16763715563445,154.6545354700356,153.34490863781517,135.43932949544973,118.08875453700355,96.15021052275682,101.82808662362439,107.4418740765803
96,2019-04-12 05:24:42+00:00,104.01366406168225,105.13820826703416,102.36553744412228,105.71392712264539,142.77786691773883,159.15285909683692,133.1162719170872,106.67563530571879,102.55996873452428,105.10277332077365,107.16259015233197
97,2019-04-12 05:37:46+00:00,108.801137941231,109.31900005028814,108.93760324816348,107.86202824935748,155.83633019629315,160.1433855557022,140.7533433060336,127.16498837741985,102.37309472439715,105.41377611923397,110.58191217373108
98,2019-04-22 05:37:48+00:00,107.04064403464645,104.36374818492186,105.05497571216625,104.54540405997736,145.1221407574777,144.90965823369558,134.45980173284173,197.20736232325163,93.71179553156259,102.54218546102689,107.01577082837551
99,2019-04-28 05:24:37+00:00,97.66928462942644,98.82046052305884,97.33727107422986,99.70602623077751,137.63550736008932,150.14323692753163,131.07581589109412,100.52466814729472,89.73621151940425,95.81812883465548,97.51985432220827
100,2019-05-07 05:37:45+00:00,106.0216058382421,105.00654100107104,107.15174945104714,114.95149226251925,142.82041376367445,138.8975876651599,120.15543338939972,100.46264931119377,91.91389881160534,99.79417035630264,100.59932814262594
101,2019-05-12 05:37:50+00:00,104.66061084101136,105.29834745004203,103.44263614727987,106.58829763726294,137.73461521824834,137.0706992118145,129.49860898463257,116.55155697574845,104.92166997006585,106.91747282885868,109.66393687449579
102,2019-06-01 05:37:50+00:00,110.09770970450924,107.05812634374935,106.39431757130593,105.66628609046522,131.69109240538347,129.5367155636618,110.25230802799331,96.28659308212202,99.16248137898275,106.72295228826715,110.40068007196578
103,2019-06-16 05:37:45+00:00,106.21975360461734,109.22624718811983,111.15130266256693,113.43304147503605,126.9149111735779,122.14261089738713,97.71168363045606,88.1804989368585,86.910564104176,93.69495020633029,100.52593979585993
104,2019-07-21 05:37:50+00:00,127.72646592033523,121.99497583225019,105.04935620292568,103.2628303069393,101.96038636008718,97.10164233419796,95.99667850978896,87.8873725072782,88.96329461711899,94.78801293104178,106.76524622672412
105,2019-09-09 05:37:43+00:00,133.15063011819973,129.66602240643437,219.64216171462377,182.34551391417511,97.07769771200614,95.92740754047404,105.36988159935026,98.25789497653176,97.9552586987444,103.7126824508408,109.01668780979811
106,2019-10-05 05:25:35+00:00,128.8663029127444,118.69462477215811,106.04847371569551,99.24844061097677,92.04404078532815,95.53471807566041,94.51877706454516,87.4879428650188,85.01505711953102,90.70585047448951,94.0983580243597
107,2019-10-09 05:37:42+00:00,116.99535750221378,117.61994725584411,110.48083043037651,104.03882908460464,98.65018403194429,97.27509058796824,99.08524538919698,91.06066630857758,90.19804746404851,97.88555177075753,100.45188436834115
108,2019-10-14 05:37:44+00:00,134.40119058133638,135.90257243758435,123.89532830301171,107.01662165891469,98.29299746075927,97.21546916584056,99.87419662093758,91.87579132658395,94.05236688709913,100.12513355295496,104.60361839694825
109,2019-11-03 05:37:45+00:00,132.55213623564438,140.7535596658335,136.13358211716624,111.74975175182114,102.60353980728276,104.53273482638903,100.21454535193436,91.23639228174359,94.00117977286811,99.29382944473564,104.44963197121018
110,2019-11-06 05:25:36+00:00,128.60732753989618,126.17825498829984,121.97186034041752,102.74208008933851,95.90506877484343,97.85360877831846,100.41886554296043,92.43595117871922,92.08098619777378,96.03157463626226,97.68881190077009
111,2019-11-08 05:37:41+00:00,130.06712346214005,131.05479235479902,120.57433851061026,106.68465004137705,102.55785253910888,100.50014134117049,105.62135662979344,97.74550081894037,98.07597701650286,104.74702152304803,107.23985927937953
112,2019-11-13 05:37:44+00:00,120.78273613340991,128.71171617278728,119.7159456555524,108.59943015798844,101.79152551740677,98.30586404320931,100.18313799852886,91.66588505072404,91.547339756697,97.8156379903428,100.95314413998105
113,2019-12-03 05:37:40+00:00,104.97145925523138,114.46975125911837,129.70184326865976,115.52304939271177,121.23910050954385,117.23343611396065,104.30550083679597,92.4730580161224,91.96910939861044,95.87644233667557,99.76980547501599
114,2019-12-24 05:25:29+00:00,100.80994754844149,100.10250307014114,99.62946538233398,111.8480016191207,139.90982028061586,130.1857102047281,103.6524419385689,91.96778955307607,93.82072001800455,100.2806763816791,104.30080075112703
115,2019-12-28 05:37:37+00:00,103.45379820753982,100.65440389682743,102.18978635432148,117.10859423158287,147.35289130459932,141.26314761746684,124.50615160268102,102.84035576874398,103.17952017375617,107.14221331424191,103.21371155828638
116,2020-01-07 05:37:36+00:00,100.62059839425257,99.85021466889658,98.38757085795547,106.00325847500339,150.66510845644112,144.5308156380984,114.50979453491661,96.52595281489673,97.81900822465973,101.51475643220965,101.57649722891253
117,2020-01-12 05:37:35+00:00,104.69322221990733,103.16964864067306,101.28852703923995,105.90229513374483,160.37690119324773,148.07013356116607,108.37312261678119,93.7360760673126,96.82191895904937,102.62694682234361,103.6532301227159
118,2020-01-22 05:37:35+00:00,101.70598839728841,102.49008594896546,103.38307960219592,104.2675247483496,164.4392814052063,154.29104044336665,102.71215118639374,91.23737401800564,94.08634750050159,98.4826775335612,99.80929238650545
119,2020-02-01 05:37:34+00:00,106.01286692936843,106.83013400646196,102.91558166681597,102.19210220637397,173.8719306623839,178.22456168314656,110.9364338831063,97.03804158624935,100.17162778838913,103.58412319673135,108.63469366896837
120,2020-02-11 05:37:34+00:00,106.43325291858457,105.77138345816746,104.24245361424306,102.29375518180534,171.81140569842526,162.0356453257759,97.03823805874936,88.41566924456086,92.47840814507876,100.02430534313537,104.37275471134423
121,2020-02-16 05:37:37+00:00,106.2868930159212,106.49438616604431,104.09856151243575,103.62065662236317,170.35780482392036,184.56570984138116,111.56726384330084,101.73567388169639,102.15715391826818,104.0324570316593,107.9119563726872
122,2020-02-26 05:25:12+00:00,101.49930354658527,102.88725542859557,99.84099760196274,96.62985772169657,158.18909560926562,192.23968501782653,114.28478439198975,92.824692230256,92.83744048489753,100.7664079333404,99.73900533583752
123,2020-02-26 05:37:39+00:00,106.20745636623116,107.89061105063858,107.48533889461335,104.53711002269631,159.3443110552393,188.01296882008236,107.04384599283972,94.12290644177048,97.25350286778578,101.79940049721044,103.97025511431835
124,2020-03-02 05:37:37+00:00,107.51118452956524,110.64726076616967,110.20574090014182,108.44230334515385,172.16100316669275,187.82585628077666,107.64417133373325,93.55815348289778,94.92006352903303,98.5272537436523,104.08446554189675
125,2020-03-07 05:37:39+00:00,107.94651936482445,108.56801388299549,108.50076326275286,106.01509320399074,161.88178439650792,187.25133902306428,111.30577920419745,97.56491793319898,99.71937636534803,104.63812329764679,106.53248298104614
126,2020-03-13 05:25:06+00:00,106.63631749897581,106.58342431761801,102.13935783836736,103.3362347639851,163.97286026420815,191.61189949520718,114.46816358575336,94.79003266577693,95.58032449548884,99.48778584445209,105.30987399282407
127,2020-03-17 05:37:39+00:00,103.45197757931898,105.62100594416992,105.5009694782661,104.28800020084142,157.28354594970176,183.18447173783642,106.80704164107844,92.85449599749454,94.3514046012023,98.25291353010742,100.81790983242553
128,2020-03-22 05:37:38+00:00,110.21178920547565,112.9004026975078,115.62749384164178,114.54345192124504,175.11414487707458,190.4917483375678,106.01087017835857,90.495660450937,89.24625780430472,96.91278932841276,104.27519342181543
129,2020-03-27 05:37:39+00:00,105.44162767032289,105.16250128702251,104.8446357245545,102.79633081199164,158.00657398415848,184.63843792442867,108.72692074258616,93.12976494322236,95.1587482233586,100.65046008426822,102.30071462440877
130,2020-03-29 05:24:57+00:00,105.4343758595848,105.10711284999614,103.23507487416902,101.76396974162896,153.50449179974373,192.20987018388246,108.06907497753716,91.40685828542485,94.37013158286085,96.1834788134838,105.01709392712782
131,2020-04-06 05:37:38+00:00,106.57404028251669,106.77420367944181,107.69893960916157,106.22598865047762,148.79019386107396,181.19608399337682,111.4286561756985,96.19619673120981,97.16124126751602,102.685941966653,104.02441963076807
132,2020-04-16 05:37:37+00:00,105.83301556890385,106.9243436740114,109.49558065480524,109.34686128428643,169.72872285241172,190.11797607026412,113.09939930688344,96.4835132457903,96.89422053216755,99.20203174306695,100.83120272911776
133,2020-04-21 05:37:42+00:00,105.89626110837023,107.55997266650677,110.35325081418398,109.74403379647572,149.73244010869414,164.64387766337524,97.68634520366206,87.96314711162282,87.78651605609687,95.61169117969646,100.82696955264032
134,2020-04-26 05:37:36+00:00,103.89898909962778,103.69115221939768,104.30610953900215,102.86215957171184,147.4903405433606,167.14320233830142,104.6912050482543,91.90896368479298,95.09076610389398,100.0070550415189,102.27431841472571
135,2020-04-30 05:24:41+00:00,107.99076969602147,108.79397477614813,106.94112480962485,106.12842421333855,156.2665166074916,168.851308504116,128.93535639040786,96.52724377014039,98.10365893367732,104.0860887060983,112.18360057202794
136,2020-05-01 05:37:45+00:00,105.0687283231088,108.05823376948752,108.40002873930962,105.53455712177221,156.414056334652,162.73798960025508,101.26027763081964,88.53208422099945,93.5907282504043,98.56546315444446,103.38214491134339
137,2020-05-16 05:37:41+00:00,100.66097900595346,101.38752907682782,101.13183877063246,102.51996413847972,139.27627175177204,144.0237467934717,112.16603857880934,90.91338430757396,91.19025921561563,99.51537163257876,95.44995267834295
138,2020-05-31 05:37:48+00:00,109.81069010343828,111.4164522926512,110.70104477737804,112.6704379257164,124.79830833009743,119.92338635331805,94.37749142749956,83.87334286972512,83.41562836777554,91.08945579911473,102.55625639312643
139,2020-06-01 05:24:43+00:00,114.32112052400952,105.81414215086411,101.3953764662835,102.44032017981165,110.9317680541363,99.44639288099133,89.73392274455388,84.60042643353795,87.29416296543033,96.1556217801688,109.86035290282116
140,2020-06-10 05:37:48+00:00,118.77980267525434,116.52240573311482,114.65775790354577,113.88146881441327,122.9988990127682,108.77735189853641,92.87571599557164,82.99224661905319,83.01584931287671,89.84671201165256,101.51519964846581
141,2020-06-15 05:37:44+00:00,114.63255283079553,109.88528312294373,106.70989239266942,104.75914384412003,112.45929832374281,111.1890921100694,97.94265879312739,89.70937644433295,88.74824577337505,95.4105945150441,103.02978346921233
142,2020-07-05 05:37:44+00:00,122.50822346246956,115.5355299928508,104.80812896786873,105.08962312726536,101.969628698053,100.35881405787516,102.42472724017382,93.91088284262585,90.86337142117472,95.92638183346894,104.07357354662815
143,2020-07-25 05:37:44+00:00,144.24736072486945,126.08763808707336,103.90380385170833,102.9823320655029,98.53513113498991,103.04983550718728,103.27788721288107,93.23585029102706,96.09046356722106,99.77060756761091,135.86616645479077
144,2020-08-19 05:37:47+00:00,143.96254811928884,135.32651409737824,107.80352689622961,108.60610489924714,101.16194958911281,102.40164521561645,105.69899202813012,96.71139228982041,94.00338290560327,100.14666238243039,125.67912371479916
145,2020-08-24 05:37:45+00:00,140.54965514651775,130.21877127872614,104.11688993150595,103.1402763591537,97.52472521829797,99.87648953087592,105.29584445281577,94.54181797208852,92.82321563351047,101.51288206448987,126.35657536442068
146,2020-09-08 05:37:45+00:00,146.2238440200571,204.349486290003,157.1650287883462,169.14009940434312,97.41963673244817,99.03618694748165,204.47037807181115,90.81187777789042,92.19692496546152,99.11234795755409,121.38875350310806
147,2020-09-28 05:37:47+00:00,135.2256063767941,132.2700379029042,106.92386333404653,112.60933682746398,105.43530965171567,106.29200137713988,107.30649906130115,95.63153368905262,88.48171354721168,92.56394499532429,106.69872887355032
148,2020-10-07 05:25:33+00:00,135.77306106402827,125.68319602072417,100.02253752609816,94.05859498196773,87.88622517915616,97.46956589113954,101.26333380548645,90.35449005958446,89.33985999498262,95.91936070315825,111.00451675688241
149,2020-10-08 05:37:47+00:00,145.23905728703514,134.03037661944418,109.58842798280392,111.07869388630542,95.27231759903245,205.97932003101306,162.18749434983116,152.65776093453255,189.1230422190183,159.72894333367705,189.3125255448615
150,2020-11-02 05:37:44+00:00,158.1768244741913,149.16115976434116,110.19053599762584,104.34328461755018,94.4594955200099,100.73795347280961,110.8306093196259,103.89580690697703,106.62121769664614,118.48975001597219,139.81003074567087
151,2020-11-22 05:37:42+00:00,140.56207651487495,134.38518110049552,107.41401394705974,103.91708353394753,97.13444315554928,101.02238428495943,105.5226072108748,103.65069475799665,107.23587248128439,110.68253215869358,126.01906717423829
152,2020-11-24 05:25:33+00:00,140.40697311296185,139.71150954417118,106.33480750352915,98.96940160410068,96.55534156373449,96.03607364414673,101.66114354208638,95.91028809915018,112.86874802525347,108.39071575808062,113.1327497067636
153,2020-11-27 05:37:42+00:00,152.04274533404893,143.97795595061066,108.38671358195015,103.21498317000601,90.75737702190453,92.27172005453141,98.84648315498073,93.86878465035628,104.03681169573046,111.02946628907844,135.0519373870298
154,2020-12-07 05:37:39+00:00,128.81187243532725,125.54025239333035,104.36522212904099,105.23097071225793,99.01928719262132,114.86426964275668,113.26886832501388,98.3342156851461,96.02777883659557,97.57089355384811,101.21861749919981
155,2020-12-17 05:37:39+00:00,147.0922735711206,144.4062910962645,121.08659897163142,109.3706884145763,95.95182989646224,96.03622641129364,96.40213987890564,90.24910990589221,99.01983654914109,103.91294686754166,123.09696897486268
156,2020-12-26 05:25:32+00:00,105.29938164992018,108.73810248724546,221.5702499949677,225.6155621604282,110.2568371045481,106.84128482918722,103.7558094748358,118.26276400181258,121.2254682054404,100.87567133300169,96.00654898683409
157,2020-12-27 05:37:41+00:00,125.19230648670671,120.4995145637726,112.80556587129611,108.75384621843703,112.36516460488544,100.72861599566016,99.00987049673701,106.983920321485,110.02340273816984,105.03913286755744,105.61284219522724
158,2021-01-11 05:37:41+00:00,102.0402814668679,101.51527954641504,100.27033132908842,100.51166498367068,100.71134493060678,100.38708990586449,100.56971656634686,100.99857484044907,100.42982513277903,101.25583165109245,102.11668566444052
159,2021-01-16 05:37:42+00:00,109.45892015621344,109.72997998864221,108.48698186710844,107.6514466960027,113.82206051321944,107.00612727864376,99.33846454981044,104.42933896262589,100.33865270801688,99.36916517981216,104.24198204244445
160,2021-01-27 05:25:21+00:00,98.48032358581774,101.68804729978785,103.56583270616872,111.85298049823568,136.15687596718126,128.96157750881198,114.60907577340032,124.86961754190688,119.54326216701723,99.64060503910315,96.73549785169911
161,2021-01-31 05:37:41+00:00,106.15953937574798,104.56284826895808,107.28022073026654,108.85919087406562,127.93389396182836,124.54791686241798,121.41210140163614,128.86958575379856,124.11448282623101,109.03238742867688,104.74675680562474
162,2021-02-05 05:37:41+00:00,100.26846947731455,100.99843496985731,103.85073911674992,114.24469854077634,142.6367494445585,133.63942676131748,124.01882706923212,127.12683308766549,110.48810233769012,98.16042440002163,102.48772705266542
163,2021-02-10 05:37:40+00:00,103.14949911689705,101.93480572961677,101.31567811709488,105.8199896145032,133.56952364440508,130.08204371429224,124.392931701442,132.25909194681037,120.3908124494568,105.69425404366366,106.45321547311548
164,2021-02-15 05:37:40+00:00,101.9014553409566,100.51125831354572,100.44398739980079,105.11397779619838,133.2672144139605,127.34643431346399,124.00651029968091,127.17085987272489,113.39933350765537,102.37428089559184,104.73758126007445
165,2021-03-02 05:37:40+00:00,106.77154711299467,107.53650800716022,107.56800627928767,115.85740289113929,139.6246248779309,135.25251329658218,124.99321127330617,129.28823260031666,115.54408282356809,102.02066667276743,109.3221361995179
166,2021-03-07 05:37:41+00:00,106.06831821720623,107.62657459702343,104.82152547820823,115.38268783798974,145.14286271564436,136.88107258181748,125.61255329766733,127.10537013861001,110.86789761629888,103.68279671713412,110.98379919739008
167,2021-03-16 05:25:03+00:00,95.51753936167485,95.22041991420954,95.39770019404324,102.69635464540607,150.89046799149847,137.24865611309215,133.18273580384445,127.8916028043311,93.66173630421468,95.68609699618952,96.51219916816513
168,2021-03-17 05:37:41+00:00,105.13506062000567,108.46690606571636,110.67177362287615,118.85680720056494,158.87627015140856,148.79597600837968,131.5445659776288,129.4794223992552,102.71448694320601,96.74143049736558,102.69887111284211
169,2021-04-06 05:37:38+00:00,103.18120718387367,103.69842009178869,106.11590412653507,114.9775564228693,141.9889772153987,138.0712051362917,117.61267028909212,113.46293954089766,90.65314484880805,97.18518810033667,104.08195185070007
170,2021-04-11 05:37:38+00:00,107.62333046830844,105.530360682549,104.71502705265857,106.73840092588637,137.35289603792836,133.1531965321671,117.73724698737668,115.28449815393466,96.14170927439793,103.74860325391381,110.7054788643317
171,2021-04-17 05:24:54+00:00,102.39164693294462,102.35669590710161,114.75319717175827,115.50189572868712,144.40539686209905,130.13584428097434,127.44493011476126,116.73402601709239,110.87272982235093,102.71777093393628,105.13876129943637
172,2021-04-26 05:37:38+00:00,111.6874480819512,111.79201847599816,112.08127149594102,119.51171779749235,140.93794186304714,132.17818587761047,109.88211068279021,95.64954297278592,89.38565160879035,97.01412794213496,108.92094446404218
173,2021-05-01 05:37:38+00:00,106.5188318426857,106.71530403539282,109.08887892558822,118.29904124905092,138.8014649443256,133.8167403017295,117.75311853079599,107.53289367388321,97.37853677693656,100.59409750853378,109.62172200582192
174,2021-05-31 05:37:42+00:00,146.3274295584116,131.7805954533303,104.4349648594888,100.9488379728847,92.69073465657827,95.78703756559354,93.45987607012715,86.00025294874455,91.38529032509396,96.84023212969177,126.13165337260405
175,2021-06-10 05:37:43+00:00,139.99548971627488,135.63480887045114,112.47166340148091,103.53601272699451,91.634567785951,90.95187915847153,96.94405053700105,91.8238508518448,93.58120005825779,101.62916901551436,122.38058196670526
176,2021-06-20 05:25:05+00:00,139.6257257762944,144.31455520337184,106.73255399666185,97.3817547996823,89.96274059973413,94.9925458186827,99.69308064591468,94.9540526928582,92.75221418751265,97.86061571321392,129.60107145168024
177,2021-06-20 05:37:42+00:00,141.4274046265834,136.05475804145365,111.71623521042012,102.58593110970682,91.47297937617242,91.57744250076705,97.85396503019456,92.07301608361122,92.70875951590104,99.5228723667745,122.56201506607934
178,2021-06-25 05:37:43+00:00,154.93382004452857,149.79316497114425,114.37999554424695,105.65672459159892,89.04185777136769,90.06701858973062,95.21332031225548,89.36948512857028,92.93985970084144,101.54408754177798,123.35130014510413
179,2021-07-06 05:25:07+00:00,141.58675296982372,138.29149369700792,104.37916783622396,94.68005248501737,91.45630791425265,89.30107420454893,101.07891087263151,96.17188796378932,94.76432922731165,99.03529100496384,103.69208407375095
180,2021-07-30 05:37:43+00:00,151.32842281693777,138.96717986231928,111.8790689847857,108.90756020252637,97.37565047517312,102.46302411195919,101.71324792047743,90.18672026032141,93.05165362085755,97.24231677452028,133.82187429640442
181,2021-08-09 05:37:42+00:00,145.795942711801,129.4032557356709,102.29940812904812,101.48508144369474,91.05178705894556,92.89538911070721,101.04851520348481,95.25699302254571,98.96895127094287,104.62445647992334,129.90729080546598
182,2021-08-19 05:37:41+00:00,147.60185639908363,128.71431937103307,106.24954362470291,104.58819222319472,89.71339956631896,91.18083624487787,100.5837064739756,95.63722153556932,94.49726974131151,104.84777001945758,128.36653236457195
183,2021-08-23 05:25:24+00:00,139.1472217653852,122.37749362499291,90.38937610458638,94.39576902433006,92.24256345605656,96.5597423538806,101.2435317176618,95.2327527497457,90.43482583889343,96.26127452609876,126.2291828465967
184,2021-09-08 05:25:29+00:00,136.94142014967667,122.54267020545764,100.63401869173332,97.91362480419528,89.66972800181443,92.26250330733593,97.93717789358668,91.4962576570656,87.0679518098189,95.29114942866757,107.98854759198738
185,2021-09-13 05:37:42+00:00,132.1317911185679,128.79486437823786,104.35464446742148,109.3122845160404,104.5088188618229,106.28469732706513,106.28984978778156,93.1401343351894,87.17008878984505,90.18767716802884,103.67616553591503
186,2021-09-23 05:37:45+00:00,133.12300131011187,130.26654518890578,106.89938604663465,107.9862672751188,98.50690164394915,100.1202664050619,99.92309923502937,89.77095703082291,89.66937780492071,95.53478861089866,103.11853624822575
187,2021-10-03 05:37:46+00:00,132.6114348259059,130.16577834732206,110.46211005473705,112.0344433787234,102.68194771335214,101.40823002647622,102.92179893783637,94.35315196330812,88.72088738611636,94.46002042085362,104.79204751500667
188,2021-10-08 05:37:42+00:00,147.11727890590177,136.24911834247652,106.00554077150576,105.19212136563351,93.56783850829841,97.62278774172671,102.59234124486251,94.09075739201577,95.2409989019423,103.67496966687641,126.74796502428411
189,2021-10-23 05:37:47+00:00,143.71727751150937,134.86159830136566,105.28518089258141,107.32083692809162,100.54559984162024,105.67312147944135,106.96457748831668,96.90661458285211,94.29371232969194,96.34940558226617,123.91688469056567
190,2021-11-12 05:37:43+00:00,160.56891807174964,137.83520086324117,105.31422325039074,100.53265301145538,89.3113426389369,93.56473997668786,100.48371512527517,94.68195797951662,100.29825243801312,106.29222670890418,141.26633733642134
191,2021-11-17 05:37:40+00:00,153.05216846328145,132.90908667171098,106.8495842924392,106.62767408053311,96.40782811475793,99.42081467415095,104.88525972606841,99.54693546205013,100.69862942614913,105.23037002867564,130.64403526702503
192,2021-11-22 05:37:42+00:00,154.81471863384454,139.13949036801628,109.99342623203721,108.68207519344686,95.41723482428716,100.74870802248464,101.33933973227927,92.42890768691575,93.94736095186934,95.81078755266446,127.72859733306345
193,2021-12-05 05:25:37+00:00,146.5402312820441,135.1913464445739,110.89092749903959,107.8412405778622,97.74682836248873,103.91708981510835,105.3081135333657,97.47020311078126,94.77681840383038,98.22108947108353,133.53397726363283
194,2021-12-07 05:37:36+00:00,141.07580319380983,130.64689169124532,104.73481726282442,108.06212245507233,104.74561917139623,111.28375116537758,115.92909756327931,102.80274127672641,96.34590945399569,98.83559692030737,122.60343514222453
195,2021-12-21 05:25:30+00:00,138.30335173093752,134.66177207281092,120.44755330028917,112.62558702964877,121.66935644934671,114.11111756146624,118.12354315492759,120.7262755583403,124.71037496017375,118.17922522298382,103.75119387535622
196,2021-12-27 05:37:37+00:00,127.96090271332115,121.08375250471445,103.82574706469613,99.44028675496766,110.2239942710771,104.73878188721177,121.14755160262828,121.51362017898727,129.85337523956122,126.05350920788234,114.09572264192383
197,2022-01-11 05:37:43+00:00,103.38573138526219,102.82423616148746,105.50289043112875,111.22580077566606,132.87362962061326,125.15601118513285,117.01827473550867,120.78287928691368,115.5392641623407,101.07426288906052,97.84718659923875
198,2022-01-21 05:37:41+00:00,105.53615956699919,104.522052356821,103.81386589856783,108.46045567491493,137.45880534769876,128.83179399932777,121.03386276203001,124.18762632629551,121.65820573895489,108.11051222201247,105.43021065991245
199,2022-01-22 05:25:29+00:00,100.62865137766867,104.5606842077178,101.54151101162057,106.42656055002871,128.12118667649872,125.56913437661629,128.35624963743618,128.9824082054948,129.81720705728324,116.85611117041043,105.54121822114793
200,2022-01-26 05:37:36+00:00,97.57705865415755,97.75296880086094,96.78649063061226,100.31797257903325,129.80132037266054,130.5736579981286,124.69396385035738,128.62287573975559,124.3676903806676,102.08253285398067,101.54592369076424
201,2022-01-30 05:25:21+00:00,94.60970024049773,93.92764829629007,96.34588059751829,101.26350413804654,143.44635754709427,137.63714223266268,117.42102838970949,130.7523122563755,122.90450021768038,101.16938924341267,93.24239023085718
202,2022-02-05 05:37:36+00:00,105.58803778794753,103.71792202568174,101.45614853092478,100.60057444313672,134.32833393421805,133.19773944778865,124.71242370478427,133.38052421715474,128.81261801206495,108.99860493985929,111.06558742730462
203,2022-02-15 05:37:35+00:00,98.97754073400432,97.72140333510336,98.48429060786673,101.35653969957545,131.2260787081688,136.1192003799,128.7157172741314,134.41590140063826,123.69813926032566,104.22182015107514,100.3473472796596
204,2022-02-20 05:37:43+00:00,96.07809824527453,98.21196336261313,104.12019856180183,108.67924922228951,149.69831831511917,146.18445936773537,128.29580126591628,130.66045069182036,112.15096251147058,93.49147416057116,93.38660950150503
205,2022-02-25 05:37:37+00:00,104.01233974184731,107.74980181867595,108.16827339929085,108.09437835301124,145.32788649378435,138.69394940074403,125.5964562152508,130.76107408322522,119.27164700159385,98.415182470581,108.2912319105842
206,2022-03-02 05:37:45+00:00,109.00365856349683,111.11674631486339,113.0546326237512,112.64823648302026,144.8234128305256,138.1456276007732,120.87897717967125,123.01346410171391,114.04564039222916,96.37107362371712,105.11352121367737
207,2022-03-07 05:37:39+00:00,102.29184528199683,105.41682407575445,103.77213073772867,103.25606624957788,136.501569289343,138.93394218932605,128.8091512419212,133.70608023132235,121.37490999222169,101.62539153641961,108.7907335635786
208,2022-03-12 05:37:46+00:00,103.62924523519045,104.15669049114379,105.78608874834924,109.34261288723886,148.59348386123895,146.46063028593642,132.91352356133183,133.26028982442185,117.55093757488758,103.6067853332372,106.26260422967336
209,2022-03-22 05:37:45+00:00,102.66468736206217,101.56535146036678,105.51282939808755,112.8598518090196,130.78089001999146,128.9853275442233,115.78890908854862,122.20957095303372,110.1521065810691,99.07502815590465,107.00968512502442
210,2022-04-01 05:37:44+00:00,111.79435875857031,112.48412300385174,111.60434512809344,116.78568600001454,125.27372731013577,121.9284666089747,113.07714449140295,118.58908188338657,115.99146465543647,101.66944607953917,113.23323811973736
211,2022-04-04 05:24:58+00:00,104.50831993754431,107.78390599899646,111.13574954155426,118.19924400939863,141.99564656868912,130.28658566406133,136.25749773418283,132.76483448701907,122.73883075823956,113.14770484499364,104.55972270481142
212,2022-04-06 05:37:34+00:00,97.1615994042379,98.91465403507918,99.3038233794135,99.23967883423397,118.85105002889894,116.6219362829631,104.35117490136302,120.57003587155559,107.85894378532103,99.67021172372306,105.87638406696095
213,2022-04-11 05:37:43+00:00,100.9161689420512,102.51074546253844,106.04079257066807,109.14779567231922,125.35049281413112,122.00230955023382,105.62301860194283,104.19774461430838,94.13137603921056,96.38705769899524,102.28252873065509
214,2022-04-12 05:25:06+00:00,103.22291064452754,198.79220774807922,168.24516588020745,194.892222826795,135.19994973587765,133.1860205710043,181.79379580161932,161.10808251734096,163.25156324719057,179.3469350310748,182.52870022785595
215,2022-04-16 05:37:38+00:00,103.0208874726005,103.97135967587406,106.97136873294036,108.6070640997669,129.42555667794852,126.82080313241458,114.88803057073814,118.57362256982603,107.54065971782913,98.98907685342449,102.95538159011818
216,2022-04-20 05:25:02+00:00,92.17649626516624,96.4366015379577,97.5666201335631,101.67873140923594,116.89876364615222,113.747607938121,111.33939573488531,105.93460408331241,95.02666028420283,97.57868338192182,98.28741395177119
217,2022-04-21 05:37:46+00:00,105.6142425050093,110.87089674759001,112.80760900328954,122.12909614576101,130.2647408583906,126.35714259536574,115.77678101856357,115.07854757390986,104.84756339219598,102.27899279512481,109.79010731543146
218,2022-04-26 05:37:35+00:00,102.1688826462051,105.86841741002073,112.78168091267686,115.27778509120887,135.43331157699018,130.71856914284834,118.91200478146841,109.64623481085164,103.61358793597029,96.41372792302577,100.24109938708905
219,2022-05-21 05:37:48+00:00,113.78249575115883,114.22640835608819,110.78679295849123,111.77641590915535,115.2104425026125,111.11817292986386,96.34780073403758,84.16675919588592,83.41051168388913,88.84375695483247,99.68228721160537
220,2022-05-22 05:25:10+00:00,122.91061352196715,117.3161149673153,101.0530006612481,100.83347381389605,118.49122565701995,114.80497474238473,100.17203936391,90.51591076250725,90.69021906954866,100.0058572621093,102.86064116697534
221,2022-06-05 05:37:42+00:00,125.29084125839896,119.08575151663054,103.04558178049484,100.72051352968789,102.96048387022431,100.7768826995706,99.58484474314237,90.74943624759277,92.14595371629619,98.08212315164207,106.93345251136569
222,2022-06-10 05:37:51+00:00,132.49713739796468,132.65027204189937,116.18405466496223,113.03972630584195,103.81140403485684,98.77982112574206,93.2002947303209,83.66470045399495,82.48317534459784,91.20743557493104,104.80120257761715
223,2022-06-15 05:24:50+00:00,135.85567614051504,127.33762055529904,105.43984641389135,100.83635430882839,98.17258861908553,101.97042340602248,99.00495723877003,92.48885930978558,90.54601755862504,97.91503982423126,118.05501099949137
224,2022-06-15 05:37:45+00:00,134.82879417209674,130.3102141881457,211.03441361924376,109.05563949488642,102.5044351317423,101.29938012060894,203.25168203641866,165.89943518225863,152.65310826093682,179.27753762787026,123.50781523328244
225,2022-06-20 05:37:53+00:00,138.48617188500955,137.47776242606054,116.02553633152449,112.13658398525064,98.95232990363485,93.88744476950356,91.7131245860649,82.19640501667796,82.29291745495962,92.00316695909335,115.15977799030857
226,2022-07-01 05:25:05+00:00,134.48566949629637,127.90246539061015,111.72526534903464,96.15608810311409,90.9909003420684,96.54985740257068,100.53110381752572,93.13280483068854,91.27836296945418,96.41699960911008,132.1005191702588
227,2022-08-10 05:25:43+00:00,133.47229708437274,122.20951429808304,100.35064053697722,100.09633010178342,89.63321353218052,92.42343366049927,101.44234976335173,96.94576084320013,94.56480157619362,98.57840527831222,133.89199777607348
228,2022-08-14 05:37:45+00:00,141.6075422042336,130.9213106841273,110.57660535871796,108.3388657343844,101.85290117673316,104.52588253575847,104.26197338477543,91.72573215168401,90.34298267193434,98.84052679669354,124.9826926047085
229,2022-09-13 05:37:44+00:00,143.0928279085906,133.59600037458466,109.72130311053037,108.84745019263102,96.6563134351137,101.08820971042675,104.04613973205163,178.86774471401978,95.57022306123146,111.45276552495504,127.96857173755308
230,2022-09-18 05:37:50+00:00,142.15478248801284,135.0269491314016,110.00916496266049,111.75145354319494,100.71303921409785,102.0750508484165,102.22258608908142,91.207849596443,90.08782515952417,98.14032454825579,125.36196037922394
231,2022-09-19 05:25:32+00:00,130.00280555500092,120.79023677485667,94.05953029377119,98.8413451967927,91.45960908177142,92.66344949359139,100.45478774266145,169.3785196295575,141.85984732616063,181.44023601846797,178.00186398690303
232,2022-09-23 05:37:43+00:00,137.30926656006838,130.85068265038322,106.775496585998,109.1907177360868,99.99271717717616,101.36328662016967,104.35151046970252,96.44744812715768,97.44435494885872,105.63275415342974,128.04098427169117
233,2022-09-28 05:37:49+00:00,131.13410686533598,128.16793765652895,105.94392378368467,106.71809085384537,94.81970130152806,94.03121778892802,97.60719160539428,88.71061040126658,92.7576441403446,99.22192993326823,105.35979271180602
234,2022-10-08 05:37:48+00:00,130.39970200919691,127.51085284241668,108.39219231546308,109.14490322089128,100.43353947882264,100.66689266712987,104.15534715943785,94.45961405874556,91.58634838252868,98.23076174544995,104.19882252835532
235,2022-10-18 05:37:44+00:00,202.6179075942154,160.27294081024735,152.4432282845068,182.4237997924862,97.16101472496611,98.19712559818396,103.77319567902204,91.34142681417988,89.58837399110364,98.02043654912244,190.45026652329457
236,2022-11-22 05:37:41+00:00,138.8256052563127,139.86157727771476,124.83752356879707,111.08834990602696,95.08374876518351,94.74194606840457,100.10378639458136,99.57556518616379,103.57593536653562,104.48807613969305,124.17298598973062
237,2022-11-27 05:37:41+00:00,135.89162682775617,138.50514488653508,127.19971970360453,107.44775772219454,96.2117014145765,97.82002063469592,100.56816082338663,93.16492569441688,99.37496646370309,104.26868971792163,122.10780243943933
238,2022-11-30 05:25:47+00:00,139.73977735780124,146.12814992343354,142.82342923587683,119.76999459106389,97.17483915574172,106.80327653980214,106.16003935731447,99.12091546266028,118.54602987000568,121.88691510709668,123.2664012651444
239,2022-12-17 05:37:41+00:00,133.0789301012102,141.89175245786984,133.4948819413412,108.79319440759143,95.65773473841001,106.14011639723665,104.05989059239687,94.94191165499737,97.402858455928,106.27516656616602,122.63389613860369
240,2022-12-22 05:37:41+00:00,134.04808914312392,131.6095037613247,121.55940136968663,101.13518884465985,93.12673349259602,98.20275355685014,107.25721369966446,101.8776844201744,109.92010772055826,110.2678892294096,124.71959628771236
241,2023-01-01 05:37:40+00:00,131.5708873673702,129.60157085914236,122.09447237508319,107.85726865755085,101.26771095645745,109.10862817827459,206.61910724063713,177.62495976229928,163.93028637629254,120.86183074354703,123.16218071866741
242,2023-01-09 05:25:40+00:00,129.97457527570677,127.30434761430524,130.62430278486107,115.02848770177143,119.23100204395368,115.72210648256826,118.04337859918202,116.27776797969887,125.00125095929839,120.34221213306536,114.81026060710548
243,2023-01-21 05:37:39+00:00,110.51447936871894,113.27563988386937,117.73717274854302,112.82447036450088,120.0736946775525,118.72800382353263,110.23827180057107,120.77467707390733,124.35903713955231,106.98014452244979,102.53718234486921
244,2023-02-02 05:25:36+00:00,98.70445600934491,105.47148960746148,119.20707010983313,114.35688837060721,130.9498240417035,127.09161988448179,119.40401812536798,126.88589457595305,124.56820261883158,114.93971571232309,97.09370259808314
245,2023-02-18 05:25:26+00:00,99.03329997853139,101.67370561142725,110.07318594777009,113.16882207458627,140.36799920764253,129.53047408591323,120.41871391691149,128.80725932962758,124.5500302048664,116.93452453088503,96.79793452785019
246,2023-02-25 05:37:39+00:00,100.92242954445656,104.0716689369904,106.66729493113208,109.69036974732758,127.1192814835961,120.56660722922905,101.78498558058556,98.18512527451641,98.87978314183952,96.61699439778329,99.91962487461115
247,2023-03-02 05:37:42+00:00,104.0833435119381,105.09534276989567,109.16276288644414,110.69440962024328,127.70428643542924,124.48157926430261,117.69478131172774,121.46937753905614,117.18787926691199,102.08917632942563,101.82739824024671
248,2023-03-12 05:37:46+00:00,99.95882091401411,102.02920854865958,103.66862948494449,109.93187970929873,144.47210916004124,137.42743243160186,128.00361341072383,129.81823710147268,114.60472857361422,97.13119068664244,101.16479363007745
249,2023-03-17 05:37:39+00:00,102.5031367789801,103.42127091428601,105.45471933618366,115.14922158100616,146.4889137729574,137.92928559234176,128.25814110509873,127.7288370557229,107.73474970939371,96.66144896011808,100.19056295900256
250,2023-03-27 05:37:40+00:00,104.32143000750816,107.36648234741894,107.53080359432225,121.94674047399026,150.829789020527,141.66656793240014,128.92109786297175,124.53999406839459,102.82593835812975,97.23294555337175,103.8166086408031
251,2023-04-01 05:37:45+00:00,104.10834080247749,104.53635487100692,106.11327673107124,110.06244882286983,143.27795233007888,139.5380415842537,131.32462122245377,127.67033746732697,108.93266424419856,97.88517654415675,101.23365807097558
252,2023-04-06 05:37:41+00:00,106.5760023780902,106.37684453869966,107.74412438304932,116.5216713605251,142.9617439193368,138.0204727392137,126.4748985904625,122.32056426610181,103.95584511274144,98.1176426896877,101.74391410850748
253,2023-04-07 05:24:52+00:00,94.75438589328819,93.80101877897938,95.4456584531854,100.30986856687637,138.95964547742827,132.68817313315637,120.71971887619208,115.21846254440257,91.29890735972667,93.7142557714728,94.42831279463823
254,2023-04-11 05:37:43+00:00,106.28864020027488,107.93638266174491,107.61037375066289,115.77760106263759,148.6661051980516,143.9876230994616,131.43239743783622,126.74961440359152,106.43935834455648,99.9425317894102,106.90628023276356
255,2023-04-21 05:37:43+00:00,106.7194959749824,106.9587063680877,109.43619963044435,116.44076346641712,146.81680419730642,143.38550006717242,133.10733004521865,126.74589762168391,108.87726809879068,101.10350683985713,105.2966511592683
256,2023-04-26 05:37:41+00:00,201.900465510164,106.93762211986238,216.56725442876052,112.75573114930019,135.52198449497175,131.9505307596286,110.96901246354638,97.4148177996803,84.82925274075936,87.88936334760204,181.2666501598723
257,2023-05-09 05:24:34+00:00,90.74323165557983,91.23001763339721,93.63085371766284,104.95118950485937,130.35974711895526,123.40852582110672,102.38001187366704,101.11859289289166,93.31528995121188,96.97257904779924,97.69146319703343
258,2023-05-17 05:24:49+00:00,98.64155343027245,97.16510055310759,98.72642412214553,111.75361214210459,141.2889875225438,129.89174938047097,103.5498365127786,93.04690841630553,90.28280522508068,97.4226236187052,101.79934828928096
259,2023-05-21 05:37:46+00:00,110.0875021882905,111.42342284069493,113.06765496447314,125.78162128558267,135.10863927842078,127.6779305503601,103.89060942464037,93.32375139226315,93.27853285170173,96.37774818802085,103.23472702617147
260,2023-05-25 05:24:31+00:00,100.79117076664167,105.54225967158031,98.28108145874198,115.37252295464687,136.92916710671162,125.8005797705847,109.83119709054345,97.02116605234956,96.27598987431863,99.23606532511448,99.82931812733233
261,2023-05-26 05:37:45+00:00,112.28494674940659,115.06719589758063,112.65494664566242,123.82611026691096,128.45650313886094,119.92416457228968,93.15770667845698,85.22901245794739,88.60959945873968,97.34018375429643,107.42482422264354
262,2023-06-10 05:24:38+00:00,111.92293292863127,101.37014752707962,97.3592968262762,111.15521753284904,120.71107359271373,113.97718518997829,107.28995041852299,96.16678630382607,95.79975032320675,102.2660995312948,115.42442194603228
263,2023-06-10 05:37:46+00:00,112.69882026911618,113.33129724448543,112.44667833818451,113.44663243900999,122.8402170360511,115.54867619870846,93.25484388028134,84.58448729076746,85.52829351424549,93.38075500857346,100.81585301902219
264,2023-06-15 05:37:46+00:00,115.9508157157772,116.6268641743973,114.76242312778038,113.95698362008744,119.66271782456775,106.87877368595157,96.06608147128807,87.6259478031369,85.66821148459059,92.51896224374535,100.96668216859659
265,2023-06-20 05:37:46+00:00,110.29488315445317,111.36037208920916,109.8770560258227,110.32999967104188,119.4898877453941,113.41997514120818,94.92309726717897,87.25777502693893,85.974309512019,91.32876607818045,98.3626750590588
266,2023-06-30 05:37:47+00:00,129.50106596684878,127.77629661231282,115.19306434642601,111.1768928500635,120.77596677891005,119.89385800080366,100.77088903680877,92.35029762157743,90.1768130450467,97.68378412983098,105.30642038599021
267,2023-07-10 05:37:47+00:00,131.6459004460129,127.00382421877556,109.25029744494366,104.99248023948473,104.88761273577441,99.89055994668705,96.07030132584059,89.07450989921134,90.11008917541047,96.25433498985382,113.55372511774281
268,2023-07-12 05:24:55+00:00,139.8660912218679,203.08759800263638,196.24581818311938,99.55291547181531,110.65028903651971,110.58579172485793,99.90062912148478,95.02722511327926,92.94656131839567,97.15191012009346,117.37545533818378
269,2023-07-15 05:37:46+00:00,133.72231854610777,131.75929500658933,113.30869362178746,111.083890125215,104.27600929869438,100.80020639808096,96.5714650529499,88.62542080577529,87.43577567313201,94.53371074442052,108.35191419185699
270,2023-07-20 05:24:49+00:00,134.46915174810914,123.96293686541435,99.36690301118345,99.26206999603592,101.77818341653764,109.24544784749557,102.75051366971552,93.69064168093162,92.54336447205772,98.64094458219877,134.17344579354653
271,2023-07-20 05:37:47+00:00,143.14850741508909,134.16606594216586,109.27317042842117,104.00152429109667,99.59308904142655,91.7170767066622,92.12974574764522,86.7190332141297,92.10397870180462,100.75297287000424,122.44522838067319
272,2023-07-25 05:37:46+00:00,140.87502907034298,134.36706823620187,114.00126164894232,110.36159606510434,97.32131196704763,89.9626848042848,87.36340916204406,80.7988193645281,83.55315000302227,90.78840878139772,111.02099849266904
273,2023-07-30 05:37:47+00:00,132.44048681755163,130.99533121417483,117.43039260289652,190.868144095398,101.15614829474602,96.56581258302153,96.44800393594238,87.10915969308293,85.18651044681907,94.39296890443131,107.37069748580055
274,2023-08-04 05:37:47+00:00,133.32319705494584,134.13227126210376,119.29370392624762,109.35327899676405,104.9326559572091,99.5061676173827,99.53116627020322,89.64822095289117,91.86997317569966,97.86886658672243,105.33522857075074
275,2023-08-05 05:24:58+00:00,136.23976624127502,131.37108570252903,103.50179389362289,100.0400045824549,101.63257268247881,105.64241875893968,100.63152059328142,92.80381557033678,97.88505025482526,95.7146757743794,98.50371896058975
276,2023-08-09 05:37:47+00:00,126.42249361784502,126.82248037089418,112.3594977334389,105.74307419811014,97.0795045957781,93.49658035497497,94.49588519953353,87.05790896573967,85.5373267339751,93.62166071857848,101.98270943297727
277,2023-08-13 05:25:06+00:00,138.17388055061326,124.3896927109902,105.23524903376607,98.77626547847571,99.94910679180654,95.08056613378366,98.10502320757891,93.71750520808037,91.29742443579454,95.33714262853253,101.50177061227585
278,2023-08-14 05:37:47+00:00,136.22464512370368,136.83668105400255,115.33277291495381,108.42230364541783,98.41445264359912,95.91595931972226,96.8171611509568,88.78566934546045,88.89519508858157,98.67156286692787,108.52329894783647
279,2023-08-21 05:25:02+00:00,131.27438340799324,123.45455655436018,101.22367334669224,93.59581232211207,99.11146991765949,98.99393647595878,101.72060436046334,91.72399727856325,96.19360240052225,96.99097622351229,97.31754273514807
280,2023-08-24 05:37:48+00:00,125.61033849114591,126.76947911832417,113.80487284341622,108.82827229236683,98.74108976325637,95.85309542318578,91.82276354513336,84.89410521483622,87.50931908758115,92.96641261584664,99.25572124126818
281,2023-09-23 05:37:43+00:00,126.9804841258035,133.16451275053402,121.28283225035604,108.97346914262724,98.55924372423824,96.32539099928152,94.92371856657562,86.77991049390197,87.64980326612529,93.58181620398173,99.91370856323377
282,2023-09-28 05:37:44+00:00,118.8483602016935,127.89832050188767,116.78285574924669,106.81022019743952,98.07278360901039,95.38251924605285,97.24237569981263,90.41231811461799,89.97081474176532,97.59876879216927,100.86848583637767
283,2023-10-08 05:37:42+00:00,130.1668537110755,141.0312872535768,142.7791136093939,114.27953410587573,98.10027504961292,94.50488576063462,97.2955676038277,90.87502689767503,91.28420947991278,96.61857270735642,100.8576041328904
284,2023-10-16 05:25:23+00:00,136.18253131030676,140.32713800879273,144.78105571581608,108.73019885587324,98.74778444699399,91.69644776897091,95.15884934745038,89.18908021061156,87.88597193851204,90.18723366229696,91.39597968869417
285,2023-10-28 05:37:43+00:00,123.81411495601114,139.81115211598706,147.53260317592333,113.01478393685846,104.30346449040786,99.64339429960748,104.25420709097521,98.2776113550253,97.53146330924696,102.09712725822882,101.64040899772516
286,2023-11-27 05:37:38+00:00,111.62008719230175,130.69452946391132,139.94270353776727,116.21645977456483,104.68271972642259,96.46775518534938,99.56756213808896,92.69938643346411,90.88153447211533,98.09559253339367,99.92127618051353
287,2023-12-03 05:25:23+00:00,136.286296284704,131.26667907848784,144.0722955526238,122.23571696396343,125.37210435350998,108.20426692068196,105.06733407217196,100.53753669007581,99.0885091718089,104.01569128822317,103.88216776979091
288,2023-12-11 05:25:29+00:00,136.09884590238545,136.83816976100545,151.7597225412798,124.63315937574615,113.37773323762018,103.54426796561734,103.56101019269194,96.72218753021669,96.70545921429972,99.84443614043461,101.20606441490959
289,2023-12-17 05:37:41+00:00,120.61287131229197,130.99261069165556,141.99472698630012,131.58102862881174,122.58530473992614,110.15773035625824,104.5829375609536,96.86045920230552,97.32745177813555,98.50226305751893,104.2721430553557
290,2023-12-19 05:25:26+00:00,120.80786912290378,134.95903409607573,156.86376226249476,148.62613581353867,121.23114336752154,119.60944403252581,114.06953178029953,98.66579033449743,96.13207153397809,104.85075704589947,105.32530749505813
291,2023-12-27 05:25:33+00:00,99.88852761631063,111.02746144064753,121.87911371625859,116.27116360924367,122.71343737341218,108.02004176609051,103.3955689411998,97.12140794639244,96.48965339768762,100.59538340935933,102.34951417173471
292,2023-12-27 05:37:43+00:00,103.71845038185877,107.84734261551566,119.72561301774506,117.13387851977726,125.12668550714181,115.92692137527963,105.00683108773146,94.34527187202426,94.06432934483495,98.98219204939237,99.87946265650044
293,2024-01-16 05:37:40+00:00,101.40041340431834,101.88704496377981,122.72227529869797,124.51971248652424,147.66295566585637,137.96319609573638,122.46875197260826,105.95158012543294,105.93732921965608,107.90469397242977,107.08816109225668
294,2024-01-26 05:37:40+00:00,104.45538318344428,104.5193454270178,119.15179286231479,128.11646479185373,152.59531151373204,137.57872607592734,110.84945434475277,94.13004277616837,95.29746648393244,99.53461054659067,103.95819263395165
295,2024-01-28 05:25:29+00:00,102.19697176312532,100.8708643628458,117.3902590265911,125.08462064361993,159.24065596264043,137.85813400950738,116.56544873487589,97.50673022661877,105.80814557042318,106.47181460533452,106.03759754620718
296,2024-02-05 05:25:19+00:00,98.3536269869885,99.81393485689904,111.80574009329415,121.11470844352368,158.42934221436528,137.08568804831214,114.14801573608628,96.41746163741631,102.069153853336,103.24280788422641,102.95339911623942
297,2024-02-15 05:37:43+00:00,105.88418168763073,108.09084608175418,104.53258477499287,118.72179600535291,170.34354148787875,157.27001978472933,115.58341796740295,103.03368309670813,102.31071330024233,105.42990058358839,110.4008425465036
298,2024-02-20 05:37:39+00:00,100.88053963633466,102.92431453325425,105.29588986395277,114.42553512248527,176.45313612878385,162.04643640246638,105.52009883945742,92.78877103449796,92.7716752805946,95.89134473606363,99.23496493900144
299,2024-03-16 05:25:23+00:00,103.98920264430966,104.44733400135613,99.74796726389941,102.7812761159488,173.28334078404794,161.68503685352763,112.26078971259481,96.81245968489381,106.37436235419686,110.08005639278956,108.20311746299421
300,2024-03-16 05:37:40+00:00,103.08773827459873,106.06576333222384,106.46195471095109,113.16815181289846,176.72438908884575,171.93604149073207,109.20476030837631,95.6832276128175,94.74635852783719,97.99318756570887,102.2065169135284
301,2024-03-21 05:37:43+00:00,102.97553083872276,105.11305876355294,106.87865865343097,109.70254977656786,174.56472103133748,165.50925618018107,106.23978006850413,92.69441456366997,97.79718928311175,98.18374530298621,103.24792075793862
302,2024-03-31 05:37:41+00:00,106.3541262864514,108.03234227418034,108.01332645858004,112.29401270333315,178.4684799192864,176.96059169811983,113.45971402664775,98.11769319574498,99.22721492773385,101.65548593085056,106.82511606442199
303,2024-04-01 05:25:14+00:00,100.84359996299817,102.07257218768169,98.37826815349968,102.45202572054808,175.79491800748787,161.63520087227622,108.72991645861462,93.32626415755891,97.01105552072279,99.60101170976924,101.88906166925712
304,2024-04-09 05:24:49+00:00,104.74669102287281,103.04019510414798,101.16406877631256,105.81805339758499,179.07443797427413,164.69432389055262,115.98962875052291,96.14550397980749,98.5519879543945,103.16136446247293,105.54009851151658
305,2024-04-10 05:37:42+00:00,103.80422951355744,104.83406856937556,106.11319335453975,108.30854973076995,171.66295217431573,162.8670760232444,108.07877230375759,93.44167448737048,94.55343634919527,96.9721845322305,99.36712262438091
306,2024-04-15 05:37:42+00:00,102.16587586977869,106.10948835459118,110.41003522971569,114.26678063817886,180.12704935247226,170.49570662046204,105.76258182775842,89.78974674867858,89.31502406860571,90.86409031709195,97.09583235123876
307,2024-04-20 05:37:45+00:00,105.12571926237575,105.39212976307178,106.7325294535654,213.8211934351699,160.3291136732844,159.81425041037906,107.09900623674505,93.41331466548316,92.39161290295928,95.01565607524947,101.10815099921464
308,2024-04-25 05:24:40+00:00,98.72720506642096,97.03934432019706,93.97549551789955,96.89679817171059,148.68825269832445,132.70525892199396,103.11072278902215,93.71943430744244,94.40689708071844,101.654503621422,101.68499162368808
309,2024-06-04 05:24:35+00:00,132.9533707835741,105.56265185460492,98.45962794316685,98.62797267303273,100.70636662376296,114.18482202950503,98.85324433269452,95.74040606432087,95.84965921687308,99.88476065738243,122.11285596513986
310,2024-06-12 05:24:17+00:00,134.53754046382994,127.52135481458117,101.21672327085507,178.01370537114198,101.2915875394971,110.76102156472975,102.14517021601053,91.98436316563792,92.8272008735616,97.71620647559313,131.39964003772195
311,2024-06-29 05:37:44+00:00,130.33150939980325,129.6818317549803,112.18922140300944,105.10667407815046,98.00064296677691,94.18007503729633,97.05857666559007,89.38846618704947,88.80136165061727,93.90556411179973,101.8276826264601
312,2024-07-06 05:24:31+00:00,137.91809142030075,134.18680463260623,107.12498847892599,100.85695218160679,95.16933836638202,94.23380803661225,98.85665174844455,94.12966699125819,92.30088936296742,93.16467016426127,99.37815462822583
313,2024-07-14 05:24:40+00:00,137.0545018595386,132.5099511034313,103.78178767866407,97.00772378456456,92.92931214989176,86.67712841279503,96.78517585968521,93.37054862686091,92.79961028825504,97.01971213083574,102.85312725732452
314,2024-07-14 05:37:44+00:00,130.010095017059,132.43727111784085,113.3334747488631,107.19129912905841,97.19151093980688,93.48285552995706,95.6450792372334,88.36005691175512,86.74938842729624,91.94048914445779,101.37724466837106
315,2024-07-24 05:37:45+00:00,147.22105819574134,145.4975300220233,123.31509241699199,109.23111815473,97.10382773742543,98.76169109413442,98.69612701896253,90.90380475997068,91.28190110762964,96.48229801381903,124.90220098625434
316,2024-08-07 05:24:44+00:00,136.62276863824187,131.2992852390948,101.22486629169532,89.91375282355881,87.13686243409548,94.32404478454245,101.38785115779069,96.03776835809278,98.39851763223531,99.7234808320988,126.41441467328941
317,2024-08-28 05:37:40+00:00,152.8879041756372,140.4320813395568,107.40250370609175,106.56604638462863,93.68733563009752,96.5315531872554,102.87592020052932,96.34451213657029,98.66521620161329,102.36624887078145,129.10813765740832
318,2024-09-16 05:25:09+00:00,129.2923354273529,122.20763541325601,101.21763347419227,98.40258084627685,89.00479984440906,90.24294677795922,98.5682332343223,90.6533686203535,92.34609493810578,93.92338891478441,110.7663967528676
319,2024-09-17 05:37:42+00:00,132.09772123818072,127.04292465823971,107.66192106962924,108.11363670862058,97.1338897229457,96.539466103601,100.78414314881637,92.55534064118538,92.0195422571972,98.29437166558657,104.98050467496607
320,2024-09-24 05:24:59+00:00,133.33767583952041,128.42369918151186,101.81427067723008,96.44472263675372,87.16621502378251,93.39432335076253,99.05255419064154,89.43685979650057,93.65303348482034,98.18187047572486,115.54717246157321
321,2024-10-18 05:25:17+00:00,137.38673374768658,131.2220091327312,104.71275359214928,101.29123697238695,91.79233773914669,92.73936017715548,99.0757323080706,93.65113393731443,90.99831351908016,93.73978539352063,114.44004254266646
322,2024-10-22 05:37:42+00:00,147.6074570793102,139.99304816147682,109.32373652340223,110.32789648134828,96.03583800346036,102.12158493076143,104.16904723026437,92.78146764835145,91.29218124930927,97.68720983045735,123.37794022434456
323,2024-10-27 05:37:42+00:00,151.23751826285476,142.2123574340733,108.58183677406403,107.2750744961367,91.81226486754413,92.40699636606263,99.28333367947899,93.53045486934172,94.685377232211,101.92972726015901,124.92766306876405
324,2024-11-01 05:37:41+00:00,155.20948821829248,147.437556949658,107.11084803203687,107.72795073657058,96.73911181371537,99.59310382847255,106.5892251884974,99.8023396887498,99.83216688006596,103.20254349065506,129.64796327751017
325,2024-11-03 05:25:11+00:00,145.63317189155242,141.47996970716176,106.82391716442348,224.83692422465631,147.0983506289139,178.99509075481896,109.68027156292081,98.63606484822422,95.71433760760618,100.4546188765017,135.2324106578446
326,2024-11-06 05:37:38+00:00,152.07674874070875,139.0675324197673,101.66879531747009,101.32382552467713,92.84051257514919,95.46059915197011,109.46380604223735,102.07137633161125,104.82284999964716,108.15878214039553,130.6042966785025
327,2024-11-11 05:25:16+00:00,167.23682122974535,143.00143796260582,103.20688779399384,100.82379440816898,93.15697018530942,98.26792582827784,107.36330791333447,100.32254148051993,96.13008124328509,101.25809634134275,138.14700881874955
328,2024-11-11 05:37:34+00:00,154.04539402932915,141.48764270442794,101.4551094221683,101.34814236217717,91.2949511023441,95.3272786334157,108.20868501792515,101.43367072901746,103.96749190601324,109.77589353671172,132.5421969717214
329,2024-11-27 05:25:29+00:00,141.76994772483263,140.35828661331098,105.14487149442108,97.75576887658235,89.23621643420026,98.38356346011453,100.85720454603475,99.13719458522172,97.12828783358391,101.33814198459194,125.85648669332978
330,2024-12-05 05:25:21+00:00,163.18681091409508,143.2424110401266,108.7480914058063,101.83708982707155,88.67378586071273,95.23822070877023,102.25735168073886,97.15445437127514,100.40084654989967,108.7643871064525,134.7138169211119
331,2024-12-11 05:37:43+00:00,151.78739708579883,146.9499803226758,113.42132519245216,106.57495560703711,94.92478226465984,105.29122819351905,104.09944511349795,95.85804594756746,104.87235122090809,106.62798136194317,126.22146719658393
